Receiver Contact Name,Receiver Company Name,Receiver Address Line 2,Receiver Town,Receiver Address Line 1,Receiver Address Line 3,Receiver Country Code,Receiver Telephone,Receiver Post/Zip Code,Receiver Email Address,Shipper's reference,Safe Place,Service Enhancement Code 1,Service Enhancement Code 3,Service Enhancement Code 4,Service Enhancement Code 2,Package Type Name,Value of Goods,Description of Goods,Shipment Service,Shipment Weight,Shipment Type,Number Of Pieces
Example Contact,My Company Name,Address 2,Staines,62 High St,Address 3,GB,1935654865,TW18 4DY,example.contact@example.com,MyRef750,,,,,,,200,Mobile Assets,TPSN,1.2,NDX,1
Example Contact,My Company Name,Address 2,Staines,62 High St,Address 3,GB,1935654865,TW18 4DY,example.contact@example.com,MyRef751,,,,,,,200,Mobile Assets,TPSN,1.2,NDX,1
Example Contact,My Company Name,Address 2,Staines,62 High St,Address 3,GB,1935654865,TW18 4DY,example.contact@example.com,MyRef752,,,,,,,200,Mobile Assets,TPSN,1.2,NDX,1
Example Contact,My Company Name,Address 2,Staines,62 High St,Address 3,GB,1935654865,TW18 4DY,example.contact@example.com,MyRef753,,,,,,,200,Mobile Assets,TPSN,1.2,NDX,1
Example Contact,My Company Name,Address 2,Staines,62 High St,Address 3,GB,1935654865,TW18 4DY,example.contact@example.com,MyRef754,,,,,,,200,Mobile Assets,TPSN,1.2,NDX,1
Example Contact,My Company Name,Address 2,Staines,62 High St,Address 3,GB,1935654865,TW18 4DY,example.contact@example.com,MyRef755,,,,,,,200,Mobile Assets,TPSN,1.2,NDX,1
Example Contact,My Company Name,Address 2,Staines,62 High St,Address 3,GB,1935654865,TW18 4DY,example.contact@example.com,MyRef756,,,,,,,200,Mobile Assets,TPSN,1.2,NDX,1
Example Contact,My Company Name,Address 2,Staines,62 High St,Address 3,GB,1935654865,TW18 4DY,example.contact@example.com,MyRef757,,,,,,,200,Mobile Assets,TPSN,1.2,NDX,1
Example Contact,My Company Name,Address 2,Staines,62 High St,Address 3,GB,1935654865,TW18 4DY,example.contact@example.com,MyRef758,,,,,,,200,Mobile Assets,TPSN,1.2,NDX,1
Example Contact,My Company Name,Address 2,Staines,62 High St,Address 3,GB,1935654865,TW18 4DY,example.contact@example.com,MyRef759,,,,,,,200,Mobile Assets,TPSN,1.2,NDX,1
Example Contact,My Company Name,Address 2,Staines,62 High St,Address 3,GB,1935654865,TW18 4DY,example.contact@example.com,MyRef760,,,,,,,200,Mobile Assets,TPSN,1.2,NDX,1
Example Contact,My Company Name,Address 2,Staines,62 High St,Address 3,GB,1935654865,TW18 4DY,example.contact@example.com,MyRef761,,,,,,,200,Mobile Assets,TPSN,1.2,NDX,1
Example Contact,My Company Name,Address 2,Staines,62 High St,Address 3,GB,1935654865,TW18 4DY,example.contact@example.com,MyRef762,,,,,,,200,Mobile Assets,TPSN,1.2,NDX,1
Example Contact,My Company Name,Address 2,Staines,62 High St,Address 3,GB,1935654865,TW18 4DY,example.contact@example.com,MyRef763,,,,,,,200,Mobile Assets,TPSN,1.2,NDX,1
Example Contact,My Company Name,Address 2,Staines,62 High St,Address 3,GB,1935654865,TW18 4DY,example.contact@example.com,MyRef764,,,,,,,200,Mobile Assets,TPSN,1.2,NDX,1
Example Contact,My Company Name,Address 2,Staines,62 High St,Address 3,GB,1935654865,TW18 4DY,example.contact@example.com,MyRef765,,,,,,,200,Mobile Assets,TPSN,1.2,NDX,1
Example Contact,My Company Name,Address 2,Staines,62 High St,Address 3,GB,1935654865,TW18 4DY,example.contact@example.com,MyRef766,,,,,,,200,Mobile Assets,TPSN,1.2,NDX,1
Example Contact,My Company Name,Address 2,Staines,62 High St,Address 3,GB,1935654865,TW18 4DY,example.contact@example.com,MyRef767,,,,,,,200,Mobile Assets,TPSN,1.2,NDX,1
Example Contact,My Company Name,Address 2,Staines,62 High St,Address 3,GB,1935654865,TW18 4DY,example.contact@example.com,MyRef768,,,,,,,200,Mobile Assets,TPSN,1.2,NDX,1
Example Contact,My Company Name,Address 2,Staines,62 High St,Address 3,GB,1935654865,TW18 4DY,example.contact@example.com,MyRef769,,,,,,,200,Mobile Assets,TPSN,1.2,NDX,1
Example Contact,My Company Name,Address 2,Staines,62 High St,Address 3,GB,1935654865,TW18 4DY,example.contact@example.com,MyRef770,,,,,,,200,Mobile Assets,TPSN,1.2,NDX,1
Example Contact,My Company Name,Address 2,Staines,62 High St,Address 3,GB,1935654865,TW18 4DY,example.contact@example.com,MyRef771,,,,,,,200,Mobile Assets,TPSN,1.2,NDX,1
Example Contact,My Company Name,Address 2,Staines,62 High St,Address 3,GB,1935654865,TW18 4DY,example.contact@example.com,MyRef772,,,,,,,200,Mobile Assets,TPSN,1.2,NDX,1
Example Contact,My Company Name,Address 2,Staines,62 High St,Address 3,GB,1935654865,TW18 4DY,example.contact@example.com,MyRef773,,,,,,,200,Mobile Assets,TPSN,1.2,NDX,1
Example Contact,My Company Name,Address 2,Staines,62 High St,Address 3,GB,1935654865,TW18 4DY,example.contact@example.com,MyRef774,,,,,,,200,Mobile Assets,TPSN,1.2,NDX,1
Example Contact,My Company Name,Address 2,Staines,62 High St,Address 3,GB,1935654865,TW18 4DY,example.contact@example.com,MyRef775,,,,,,,200,Mobile Assets,TPSN,1.2,NDX,1
Example Contact,My Company Name,Address 2,Staines,62 High St,Address 3,GB,1935654865,TW18 4DY,example.contact@example.com,MyRef776,,,,,,,200,Mobile Assets,TPSN,1.2,NDX,1
Example Contact,My Company Name,Address 2,Staines,62 High St,Address 3,GB,1935654865,TW18 4DY,example.contact@example.com,MyRef777,,,,,,,200,Mobile Assets,TPSN,1.2,NDX,1
Example Contact,My Company Name,Address 2,Staines,62 High St,Address 3,GB,1935654865,TW18 4DY,example.contact@example.com,MyRef778,,,,,,,200,Mobile Assets,TPSN,1.2,NDX,1
Example Contact,My Company Name,Address 2,Staines,62 High St,Address 3,GB,1935654865,TW18 4DY,example.contact@example.com,MyRef779,,,,,,,200,Mobile Assets,TPSN,1.2,NDX,1
Example Contact,My Company Name,Address 2,Staines,62 High St,Address 3,GB,1935654865,TW18 4DY,example.contact@example.com,MyRef780,,,,,,,200,Mobile Assets,TPSN,1.2,NDX,1
Example Contact,My Company Name,Address 2,Staines,62 High St,Address 3,GB,1935654865,TW18 4DY,example.contact@example.com,MyRef781,,,,,,,200,Mobile Assets,TPSN,1.2,NDX,1
Example Contact,My Company Name,Address 2,Staines,62 High St,Address 3,GB,1935654865,TW18 4DY,example.contact@example.com,MyRef782,,,,,,,200,Mobile Assets,TPSN,1.2,NDX,1
Example Contact,My Company Name,Address 2,Staines,62 High St,Address 3,GB,1935654865,TW18 4DY,example.contact@example.com,MyRef783,,,,,,,200,Mobile Assets,TPSN,1.2,NDX,1
Example Contact,My Company Name,Address 2,Staines,62 High St,Address 3,GB,1935654865,TW18 4DY,example.contact@example.com,MyRef784,,,,,,,200,Mobile Assets,TPSN,1.2,NDX,1
Example Contact,My Company Name,Address 2,Staines,62 High St,Address 3,GB,1935654865,TW18 4DY,example.contact@example.com,MyRef785,,,,,,,200,Mobile Assets,TPSN,1.2,NDX,1
Example Contact,My Company Name,Address 2,Staines,62 High St,Address 3,GB,1935654865,TW18 4DY,example.contact@example.com,MyRef786,,,,,,,200,Mobile Assets,TPSN,1.2,NDX,1
Example Contact,My Company Name,Address 2,Staines,62 High St,Address 3,GB,1935654865,TW18 4DY,example.contact@example.com,MyRef787,,,,,,,200,Mobile Assets,TPSN,1.2,NDX,1
Example Contact,My Company Name,Address 2,Staines,62 High St,Address 3,GB,1935654865,TW18 4DY,example.contact@example.com,MyRef788,,,,,,,200,Mobile Assets,TPSN,1.2,NDX,1
Example Contact,My Company Name,Address 2,Staines,62 High St,Address 3,GB,1935654865,TW18 4DY,example.contact@example.com,MyRef789,,,,,,,200,Mobile Assets,TPSN,1.2,NDX,1
Example Contact,My Company Name,Address 2,Staines,62 High St,Address 3,GB,1935654865,TW18 4DY,example.contact@example.com,MyRef790,,,,,,,200,Mobile Assets,TPSN,1.2,NDX,1
Example Contact,My Company Name,Address 2,Staines,62 High St,Address 3,GB,1935654865,TW18 4DY,example.contact@example.com,MyRef791,,,,,,,200,Mobile Assets,TPSN,1.2,NDX,1
Example Contact,My Company Name,Address 2,Staines,62 High St,Address 3,GB,1935654865,TW18 4DY,example.contact@example.com,MyRef792,,,,,,,200,Mobile Assets,TPSN,1.2,NDX,1
Example Contact,My Company Name,Address 2,Staines,62 High St,Address 3,GB,1935654865,TW18 4DY,example.contact@example.com,MyRef793,,,,,,,200,Mobile Assets,TPSN,1.2,NDX,1
Example Contact,My Company Name,Address 2,Staines,62 High St,Address 3,GB,1935654865,TW18 4DY,example.contact@example.com,MyRef794,,,,,,,200,Mobile Assets,TPSN,1.2,NDX,1
Example Contact,My Company Name,Address 2,Staines,62 High St,Address 3,GB,1935654865,TW18 4DY,example.contact@example.com,MyRef795,,,,,,,200,Mobile Assets,TPSN,1.2,NDX,1
Example Contact,My Company Name,Address 2,Staines,62 High St,Address 3,GB,1935654865,TW18 4DY,example.contact@example.com,MyRef796,,,,,,,200,Mobile Assets,TPSN,1.2,NDX,1
Example Contact,My Company Name,Address 2,Staines,62 High St,Address 3,GB,1935654865,TW18 4DY,example.contact@example.com,MyRef797,,,,,,,200,Mobile Assets,TPSN,1.2,NDX,1
Example Contact,My Company Name,Address 2,Staines,62 High St,Address 3,GB,1935654865,TW18 4DY,example.contact@example.com,MyRef798,,,,,,,200,Mobile Assets,TPSN,1.2,NDX,1
Example Contact,My Company Name,Address 2,Staines,62 High St,Address 3,GB,1935654865,TW18 4DY,example.contact@example.com,MyRef799,,,,,,,200,Mobile Assets,TPSN,1.2,NDX,1
Example Contact,My Company Name,Address 2,Staines,62 High St,Address 3,GB,1935654865,TW18 4DY,example.contact@example.com,MyRef800,,,,,,,200,Mobile Assets,TPSN,1.2,NDX,1
Example Contact,My Company Name,Address 2,Staines,62 High St,Address 3,GB,1935654865,TW18 4DY,example.contact@example.com,MyRef801,,,,,,,200,Mobile Assets,TPSN,1.2,NDX,1
Example Contact,My Company Name,Address 2,Staines,62 High St,Address 3,GB,1935654865,TW18 4DY,example.contact@example.com,MyRef802,,,,,,,200,Mobile Assets,TPSN,1.2,NDX,1
Example Contact,My Company Name,Address 2,Staines,62 High St,Address 3,GB,1935654865,TW18 4DY,example.contact@example.com,MyRef803,,,,,,,200,Mobile Assets,TPSN,1.2,NDX,1
Example Contact,My Company Name,Address 2,Staines,62 High St,Address 3,GB,1935654865,TW18 4DY,example.contact@example.com,MyRef804,,,,,,,200,Mobile Assets,TPSN,1.2,NDX,1
Example Contact,My Company Name,Address 2,Staines,62 High St,Address 3,GB,1935654865,TW18 4DY,example.contact@example.com,MyRef805,,,,,,,200,Mobile Assets,TPSN,1.2,NDX,1
Example Contact,My Company Name,Address 2,Staines,62 High St,Address 3,GB,1935654865,TW18 4DY,example.contact@example.com,MyRef806,,,,,,,200,Mobile Assets,TPSN,1.2,NDX,1
Example Contact,My Company Name,Address 2,Staines,62 High St,Address 3,GB,1935654865,TW18 4DY,example.contact@example.com,MyRef807,,,,,,,200,Mobile Assets,TPSN,1.2,NDX,1
Example Contact,My Company Name,Address 2,Staines,62 High St,Address 3,GB,1935654865,TW18 4DY,example.contact@example.com,MyRef808,,,,,,,200,Mobile Assets,TPSN,1.2,NDX,1
Example Contact,My Company Name,Address 2,Staines,62 High St,Address 3,GB,1935654865,TW18 4DY,example.contact@example.com,MyRef809,,,,,,,200,Mobile Assets,TPSN,1.2,NDX,1
Example Contact,My Company Name,Address 2,Staines,62 High St,Address 3,GB,1935654865,TW18 4DY,example.contact@example.com,MyRef810,,,,,,,200,Mobile Assets,TPSN,1.2,NDX,1
Example Contact,My Company Name,Address 2,Staines,62 High St,Address 3,GB,1935654865,TW18 4DY,example.contact@example.com,MyRef811,,,,,,,200,Mobile Assets,TPSN,1.2,NDX,1
Example Contact,My Company Name,Address 2,Staines,62 High St,Address 3,GB,1935654865,TW18 4DY,example.contact@example.com,MyRef812,,,,,,,200,Mobile Assets,TPSN,1.2,NDX,1
Example Contact,My Company Name,Address 2,Staines,62 High St,Address 3,GB,1935654865,TW18 4DY,example.contact@example.com,MyRef813,,,,,,,200,Mobile Assets,TPSN,1.2,NDX,1
Example Contact,My Company Name,Address 2,Staines,62 High St,Address 3,GB,1935654865,TW18 4DY,example.contact@example.com,MyRef814,,,,,,,200,Mobile Assets,TPSN,1.2,NDX,1
Example Contact,My Company Name,Address 2,Staines,62 High St,Address 3,GB,1935654865,TW18 4DY,example.contact@example.com,MyRef815,,,,,,,200,Mobile Assets,TPSN,1.2,NDX,1
Example Contact,My Company Name,Address 2,Staines,62 High St,Address 3,GB,1935654865,TW18 4DY,example.contact@example.com,MyRef816,,,,,,,200,Mobile Assets,TPSN,1.2,NDX,1
Example Contact,My Company Name,Address 2,Staines,62 High St,Address 3,GB,1935654865,TW18 4DY,example.contact@example.com,MyRef817,,,,,,,200,Mobile Assets,TPSN,1.2,NDX,1
Example Contact,My Company Name,Address 2,Staines,62 High St,Address 3,GB,1935654865,TW18 4DY,example.contact@example.com,MyRef818,,,,,,,200,Mobile Assets,TPSN,1.2,NDX,1
Example Contact,My Company Name,Address 2,Staines,62 High St,Address 3,GB,1935654865,TW18 4DY,example.contact@example.com,MyRef819,,,,,,,200,Mobile Assets,TPSN,1.2,NDX,1
Example Contact,My Company Name,Address 2,Staines,62 High St,Address 3,GB,1935654865,TW18 4DY,example.contact@example.com,MyRef820,,,,,,,200,Mobile Assets,TPSN,1.2,NDX,1
Example Contact,My Company Name,Address 2,Staines,62 High St,Address 3,GB,1935654865,TW18 4DY,example.contact@example.com,MyRef821,,,,,,,200,Mobile Assets,TPSN,1.2,NDX,1
Example Contact,My Company Name,Address 2,Staines,62 High St,Address 3,GB,1935654865,TW18 4DY,example.contact@example.com,MyRef822,,,,,,,200,Mobile Assets,TPSN,1.2,NDX,1
Example Contact,My Company Name,Address 2,Staines,62 High St,Address 3,GB,1935654865,TW18 4DY,example.contact@example.com,MyRef823,,,,,,,200,Mobile Assets,TPSN,1.2,NDX,1
Example Contact,My Company Name,Address 2,Staines,62 High St,Address 3,GB,1935654865,TW18 4DY,example.contact@example.com,MyRef824,,,,,,,200,Mobile Assets,TPSN,1.2,NDX,1
Example Contact,My Company Name,Address 2,Staines,62 High St,Address 3,GB,1935654865,TW18 4DY,example.contact@example.com,MyRef825,,,,,,,200,Mobile Assets,TPSN,1.2,NDX,1
Example Contact,My Company Name,Address 2,Staines,62 High St,Address 3,GB,1935654865,TW18 4DY,example.contact@example.com,MyRef826,,,,,,,200,Mobile Assets,TPSN,1.2,NDX,1
Example Contact,My Company Name,Address 2,Staines,62 High St,Address 3,GB,1935654865,TW18 4DY,example.contact@example.com,MyRef827,,,,,,,200,Mobile Assets,TPSN,1.2,NDX,1
Example Contact,My Company Name,Address 2,Staines,62 High St,Address 3,GB,1935654865,TW18 4DY,example.contact@example.com,MyRef828,,,,,,,200,Mobile Assets,TPSN,1.2,NDX,1
Example Contact,My Company Name,Address 2,Staines,62 High St,Address 3,GB,1935654865,TW18 4DY,example.contact@example.com,MyRef829,,,,,,,200,Mobile Assets,TPSN,1.2,NDX,1
Example Contact,My Company Name,Address 2,Staines,62 High St,Address 3,GB,1935654865,TW18 4DY,example.contact@example.com,MyRef830,,,,,,,200,Mobile Assets,TPSN,1.2,NDX,1
Example Contact,My Company Name,Address 2,Staines,62 High St,Address 3,GB,1935654865,TW18 4DY,example.contact@example.com,MyRef831,,,,,,,200,Mobile Assets,TPSN,1.2,NDX,1
Example Contact,My Company Name,Address 2,Staines,62 High St,Address 3,GB,1935654865,TW18 4DY,example.contact@example.com,MyRef832,,,,,,,200,Mobile Assets,TPSN,1.2,NDX,1
Example Contact,My Company Name,Address 2,Staines,62 High St,Address 3,GB,1935654865,TW18 4DY,example.contact@example.com,MyRef833,,,,,,,200,Mobile Assets,TPSN,1.2,NDX,1
Example Contact,My Company Name,Address 2,Staines,62 High St,Address 3,GB,1935654865,TW18 4DY,example.contact@example.com,MyRef834,,,,,,,200,Mobile Assets,TPSN,1.2,NDX,1
Example Contact,My Company Name,Address 2,Staines,62 High St,Address 3,GB,1935654865,TW18 4DY,example.contact@example.com,MyRef835,,,,,,,200,Mobile Assets,TPSN,1.2,NDX,1
Example Contact,My Company Name,Address 2,Staines,62 High St,Address 3,GB,1935654865,TW18 4DY,example.contact@example.com,MyRef836,,,,,,,200,Mobile Assets,TPSN,1.2,NDX,1
Example Contact,My Company Name,Address 2,Staines,62 High St,Address 3,GB,1935654865,TW18 4DY,example.contact@example.com,MyRef837,,,,,,,200,Mobile Assets,TPSN,1.2,NDX,1
Example Contact,My Company Name,Address 2,Staines,62 High St,Address 3,GB,1935654865,TW18 4DY,example.contact@example.com,MyRef838,,,,,,,200,Mobile Assets,TPSN,1.2,NDX,1
Example Contact,My Company Name,Address 2,Staines,62 High St,Address 3,GB,1935654865,TW18 4DY,example.contact@example.com,MyRef839,,,,,,,200,Mobile Assets,TPSN,1.2,NDX,1
Example Contact,My Company Name,Address 2,Staines,62 High St,Address 3,GB,1935654865,TW18 4DY,example.contact@example.com,MyRef840,,,,,,,200,Mobile Assets,TPSN,1.2,NDX,1
Example Contact,My Company Name,Address 2,Staines,62 High St,Address 3,GB,1935654865,TW18 4DY,example.contact@example.com,MyRef841,,,,,,,200,Mobile Assets,TPSN,1.2,NDX,1
Example Contact,My Company Name,Address 2,Staines,62 High St,Address 3,GB,1935654865,TW18 4DY,example.contact@example.com,MyRef842,,,,,,,200,Mobile Assets,TPSN,1.2,NDX,1
Example Contact,My Company Name,Address 2,Staines,62 High St,Address 3,GB,1935654865,TW18 4DY,example.contact@example.com,MyRef843,,,,,,,200,Mobile Assets,TPSN,1.2,NDX,1
Example Contact,My Company Name,Address 2,Staines,62 High St,Address 3,GB,1935654865,TW18 4DY,example.contact@example.com,MyRef844,,,,,,,200,Mobile Assets,TPSN,1.2,NDX,1
Example Contact,My Company Name,Address 2,Staines,62 High St,Address 3,GB,1935654865,TW18 4DY,example.contact@example.com,MyRef845,,,,,,,200,Mobile Assets,TPSN,1.2,NDX,1
Example Contact,My Company Name,Address 2,Staines,62 High St,Address 3,GB,1935654865,TW18 4DY,example.contact@example.com,MyRef846,,,,,,,200,Mobile Assets,TPSN,1.2,NDX,1
Example Contact,My Company Name,Address 2,Staines,62 High St,Address 3,GB,1935654865,TW18 4DY,example.contact@example.com,MyRef847,,,,,,,200,Mobile Assets,TPSN,1.2,NDX,1
Example Contact,My Company Name,Address 2,Staines,62 High St,Address 3,GB,1935654865,TW18 4DY,example.contact@example.com,MyRef848,,,,,,,200,Mobile Assets,TPSN,1.2,NDX,1
Example Contact,My Company Name,Address 2,Staines,62 High St,Address 3,GB,1935654865,TW18 4DY,example.contact@example.com,MyRef849,,,,,,,200,Mobile Assets,TPSN,1.2,NDX,1
Example Contact,My Company Name,Address 2,Staines,62 High St,Address 3,GB,1935654865,TW18 4DY,example.contact@example.com,MyRef850,,,,,,,200,Mobile Assets,TPSN,1.2,NDX,1
Example Contact,My Company Name,Address 2,Staines,62 High St,Address 3,GB,1935654865,TW18 4DY,example.contact@example.com,MyRef851,,,,,,,200,Mobile Assets,TPSN,1.2,NDX,1
Example Contact,My Company Name,Address 2,Staines,62 High St,Address 3,GB,1935654865,TW18 4DY,example.contact@example.com,MyRef852,,,,,,,200,Mobile Assets,TPSN,1.2,NDX,1
Example Contact,My Company Name,Address 2,Staines,62 High St,Address 3,GB,1935654865,TW18 4DY,example.contact@example.com,MyRef853,,,,,,,200,Mobile Assets,TPSN,1.2,NDX,1
Example Contact,My Company Name,Address 2,Staines,62 High St,Address 3,GB,1935654865,TW18 4DY,example.contact@example.com,MyRef854,,,,,,,200,Mobile Assets,TPSN,1.2,NDX,1
Example Contact,My Company Name,Address 2,Staines,62 High St,Address 3,GB,1935654865,TW18 4DY,example.contact@example.com,MyRef855,,,,,,,200,Mobile Assets,TPSN,1.2,NDX,1
Example Contact,My Company Name,Address 2,Staines,62 High St,Address 3,GB,1935654865,TW18 4DY,example.contact@example.com,MyRef856,,,,,,,200,Mobile Assets,TPSN,1.2,NDX,1
Example Contact,My Company Name,Address 2,Staines,62 High St,Address 3,GB,1935654865,TW18 4DY,example.contact@example.com,MyRef857,,,,,,,200,Mobile Assets,TPSN,1.2,NDX,1
Example Contact,My Company Name,Address 2,Staines,62 High St,Address 3,GB,1935654865,TW18 4DY,example.contact@example.com,MyRef858,,,,,,,200,Mobile Assets,TPSN,1.2,NDX,1
Example Contact,My Company Name,Address 2,Staines,62 High St,Address 3,GB,1935654865,TW18 4DY,example.contact@example.com,MyRef859,,,,,,,200,Mobile Assets,TPSN,1.2,NDX,1
Example Contact,My Company Name,Address 2,Staines,62 High St,Address 3,GB,1935654865,TW18 4DY,example.contact@example.com,MyRef860,,,,,,,200,Mobile Assets,TPSN,1.2,NDX,1
Example Contact,My Company Name,Address 2,Staines,62 High St,Address 3,GB,1935654865,TW18 4DY,example.contact@example.com,MyRef861,,,,,,,200,Mobile Assets,TPSN,1.2,NDX,1
Example Contact,My Company Name,Address 2,Staines,62 High St,Address 3,GB,1935654865,TW18 4DY,example.contact@example.com,MyRef862,,,,,,,200,Mobile Assets,TPSN,1.2,NDX,1
Example Contact,My Company Name,Address 2,Staines,62 High St,Address 3,GB,1935654865,TW18 4DY,example.contact@example.com,MyRef863,,,,,,,200,Mobile Assets,TPSN,1.2,NDX,1
Example Contact,My Company Name,Address 2,Staines,62 High St,Address 3,GB,1935654865,TW18 4DY,example.contact@example.com,MyRef864,,,,,,,200,Mobile Assets,TPSN,1.2,NDX,1
Example Contact,My Company Name,Address 2,Staines,62 High St,Address 3,GB,1935654865,TW18 4DY,example.contact@example.com,MyRef865,,,,,,,200,Mobile Assets,TPSN,1.2,NDX,1
Example Contact,My Company Name,Address 2,Staines,62 High St,Address 3,GB,1935654865,TW18 4DY,example.contact@example.com,MyRef866,,,,,,,200,Mobile Assets,TPSN,1.2,NDX,1
Example Contact,My Company Name,Address 2,Staines,62 High St,Address 3,GB,1935654865,TW18 4DY,example.contact@example.com,MyRef867,,,,,,,200,Mobile Assets,TPSN,1.2,NDX,1
Example Contact,My Company Name,Address 2,Staines,62 High St,Address 3,GB,1935654865,TW18 4DY,example.contact@example.com,MyRef868,,,,,,,200,Mobile Assets,TPSN,1.2,NDX,1
Example Contact,My Company Name,Address 2,Staines,62 High St,Address 3,GB,1935654865,TW18 4DY,example.contact@example.com,MyRef869,,,,,,,200,Mobile Assets,TPSN,1.2,NDX,1
Example Contact,My Company Name,Address 2,Staines,62 High St,Address 3,GB,1935654865,TW18 4DY,example.contact@example.com,MyRef870,,,,,,,200,Mobile Assets,TPSN,1.2,NDX,1
Example Contact,My Company Name,Address 2,Staines,62 High St,Address 3,GB,1935654865,TW18 4DY,example.contact@example.com,MyRef871,,,,,,,200,Mobile Assets,TPSN,1.2,NDX,1
Example Contact,My Company Name,Address 2,Staines,62 High St,Address 3,GB,1935654865,TW18 4DY,example.contact@example.com,MyRef872,,,,,,,200,Mobile Assets,TPSN,1.2,NDX,1
Example Contact,My Company Name,Address 2,Staines,62 High St,Address 3,GB,1935654865,TW18 4DY,example.contact@example.com,MyRef873,,,,,,,200,Mobile Assets,TPSN,1.2,NDX,1
Example Contact,My Company Name,Address 2,Staines,62 High St,Address 3,GB,1935654865,TW18 4DY,example.contact@example.com,MyRef874,,,,,,,200,Mobile Assets,TPSN,1.2,NDX,1
Example Contact,My Company Name,Address 2,Staines,62 High St,Address 3,GB,1935654865,TW18 4DY,example.contact@example.com,MyRef875,,,,,,,200,Mobile Assets,TPSN,1.2,NDX,1
Example Contact,My Company Name,Address 2,Staines,62 High St,Address 3,GB,1935654865,TW18 4DY,example.contact@example.com,MyRef876,,,,,,,200,Mobile Assets,TPSN,1.2,NDX,1
Example Contact,My Company Name,Address 2,Staines,62 High St,Address 3,GB,1935654865,TW18 4DY,example.contact@example.com,MyRef877,,,,,,,200,Mobile Assets,TPSN,1.2,NDX,1
Example Contact,My Company Name,Address 2,Staines,62 High St,Address 3,GB,1935654865,TW18 4DY,example.contact@example.com,MyRef878,,,,,,,200,Mobile Assets,TPSN,1.2,NDX,1
Example Contact,My Company Name,Address 2,Staines,62 High St,Address 3,GB,1935654865,TW18 4DY,example.contact@example.com,MyRef879,,,,,,,200,Mobile Assets,TPSN,1.2,NDX,1
Example Contact,My Company Name,Address 2,Staines,62 High St,Address 3,GB,1935654865,TW18 4DY,example.contact@example.com,MyRef880,,,,,,,200,Mobile Assets,TPSN,1.2,NDX,1
Example Contact,My Company Name,Address 2,Staines,62 High St,Address 3,GB,1935654865,TW18 4DY,example.contact@example.com,MyRef881,,,,,,,200,Mobile Assets,TPSN,1.2,NDX,1
Example Contact,My Company Name,Address 2,Staines,62 High St,Address 3,GB,1935654865,TW18 4DY,example.contact@example.com,MyRef882,,,,,,,200,Mobile Assets,TPSN,1.2,NDX,1
Example Contact,My Company Name,Address 2,Staines,62 High St,Address 3,GB,1935654865,TW18 4DY,example.contact@example.com,MyRef883,,,,,,,200,Mobile Assets,TPSN,1.2,NDX,1
Example Contact,My Company Name,Address 2,Staines,62 High St,Address 3,GB,1935654865,TW18 4DY,example.contact@example.com,MyRef884,,,,,,,200,Mobile Assets,TPSN,1.2,NDX,1
Example Contact,My Company Name,Address 2,Staines,62 High St,Address 3,GB,1935654865,TW18 4DY,example.contact@example.com,MyRef885,,,,,,,200,Mobile Assets,TPSN,1.2,NDX,1
Example Contact,My Company Name,Address 2,Staines,62 High St,Address 3,GB,1935654865,TW18 4DY,example.contact@example.com,MyRef886,,,,,,,200,Mobile Assets,TPSN,1.2,NDX,1
Example Contact,My Company Name,Address 2,Staines,62 High St,Address 3,GB,1935654865,TW18 4DY,example.contact@example.com,MyRef887,,,,,,,200,Mobile Assets,TPSN,1.2,NDX,1
Example Contact,My Company Name,Address 2,Staines,62 High St,Address 3,GB,1935654865,TW18 4DY,example.contact@example.com,MyRef888,,,,,,,200,Mobile Assets,TPSN,1.2,NDX,1
Example Contact,My Company Name,Address 2,Staines,62 High St,Address 3,GB,1935654865,TW18 4DY,example.contact@example.com,MyRef889,,,,,,,200,Mobile Assets,TPSN,1.2,NDX,1
Example Contact,My Company Name,Address 2,Staines,62 High St,Address 3,GB,1935654865,TW18 4DY,example.contact@example.com,MyRef890,,,,,,,200,Mobile Assets,TPSN,1.2,NDX,1
Example Contact,My Company Name,Address 2,Staines,62 High St,Address 3,GB,1935654865,TW18 4DY,example.contact@example.com,MyRef891,,,,,,,200,Mobile Assets,TPSN,1.2,NDX,1
Example Contact,My Company Name,Address 2,Staines,62 High St,Address 3,GB,1935654865,TW18 4DY,example.contact@example.com,MyRef892,,,,,,,200,Mobile Assets,TPSN,1.2,NDX,1
Example Contact,My Company Name,Address 2,Staines,62 High St,Address 3,GB,1935654865,TW18 4DY,example.contact@example.com,MyRef893,,,,,,,200,Mobile Assets,TPSN,1.2,NDX,1
Example Contact,My Company Name,Address 2,Staines,62 High St,Address 3,GB,1935654865,TW18 4DY,example.contact@example.com,MyRef894,,,,,,,200,Mobile Assets,TPSN,1.2,NDX,1
Example Contact,My Company Name,Address 2,Staines,62 High St,Address 3,GB,1935654865,TW18 4DY,example.contact@example.com,MyRef895,,,,,,,200,Mobile Assets,TPSN,1.2,NDX,1
Example Contact,My Company Name,Address 2,Staines,62 High St,Address 3,GB,1935654865,TW18 4DY,example.contact@example.com,MyRef896,,,,,,,200,Mobile Assets,TPSN,1.2,NDX,1
Example Contact,My Company Name,Address 2,Staines,62 High St,Address 3,GB,1935654865,TW18 4DY,example.contact@example.com,MyRef897,,,,,,,200,Mobile Assets,TPSN,1.2,NDX,1
Example Contact,My Company Name,Address 2,Staines,62 High St,Address 3,GB,1935654865,TW18 4DY,example.contact@example.com,MyRef898,,,,,,,200,Mobile Assets,TPSN,1.2,NDX,1
Example Contact,My Company Name,Address 2,Staines,62 High St,Address 3,GB,1935654865,TW18 4DY,example.contact@example.com,MyRef899,,,,,,,200,Mobile Assets,TPSN,1.2,NDX,1
Example Contact,My Company Name,Address 2,Staines,62 High St,Address 3,GB,1935654865,TW18 4DY,example.contact@example.com,MyRef900,,,,,,,200,Mobile Assets,TPSN,1.2,NDX,1
Example Contact,My Company Name,Address 2,Staines,62 High St,Address 3,GB,1935654865,TW18 4DY,example.contact@example.com,MyRef901,,,,,,,200,Mobile Assets,TPSN,1.2,NDX,1
Example Contact,My Company Name,Address 2,Staines,62 High St,Address 3,GB,1935654865,TW18 4DY,example.contact@example.com,MyRef902,,,,,,,200,Mobile Assets,TPSN,1.2,NDX,1
Example Contact,My Company Name,Address 2,Staines,62 High St,Address 3,GB,1935654865,TW18 4DY,example.contact@example.com,MyRef903,,,,,,,200,Mobile Assets,TPSN,1.2,NDX,1
Example Contact,My Company Name,Address 2,Staines,62 High St,Address 3,GB,1935654865,TW18 4DY,example.contact@example.com,MyRef904,,,,,,,200,Mobile Assets,TPSN,1.2,NDX,1
Example Contact,My Company Name,Address 2,Staines,62 High St,Address 3,GB,1935654865,TW18 4DY,example.contact@example.com,MyRef905,,,,,,,200,Mobile Assets,TPSN,1.2,NDX,1
Example Contact,My Company Name,Address 2,Staines,62 High St,Address 3,GB,1935654865,TW18 4DY,example.contact@example.com,MyRef906,,,,,,,200,Mobile Assets,TPSN,1.2,NDX,1
Example Contact,My Company Name,Address 2,Staines,62 High St,Address 3,GB,1935654865,TW18 4DY,example.contact@example.com,MyRef907,,,,,,,200,Mobile Assets,TPSN,1.2,NDX,1
Example Contact,My Company Name,Address 2,Staines,62 High St,Address 3,GB,1935654865,TW18 4DY,example.contact@example.com,MyRef908,,,,,,,200,Mobile Assets,TPSN,1.2,NDX,1
Example Contact,My Company Name,Address 2,Staines,62 High St,Address 3,GB,1935654865,TW18 4DY,example.contact@example.com,MyRef909,,,,,,,200,Mobile Assets,TPSN,1.2,NDX,1
Example Contact,My Company Name,Address 2,Staines,62 High St,Address 3,GB,1935654865,TW18 4DY,example.contact@example.com,MyRef910,,,,,,,200,Mobile Assets,TPSN,1.2,NDX,1
Example Contact,My Company Name,Address 2,Staines,62 High St,Address 3,GB,1935654865,TW18 4DY,example.contact@example.com,MyRef911,,,,,,,200,Mobile Assets,TPSN,1.2,NDX,1
Example Contact,My Company Name,Address 2,Staines,62 High St,Address 3,GB,1935654865,TW18 4DY,example.contact@example.com,MyRef912,,,,,,,200,Mobile Assets,TPSN,1.2,NDX,1
Example Contact,My Company Name,Address 2,Staines,62 High St,Address 3,GB,1935654865,TW18 4DY,example.contact@example.com,MyRef913,,,,,,,200,Mobile Assets,TPSN,1.2,NDX,1
Example Contact,My Company Name,Address 2,Staines,62 High St,Address 3,GB,1935654865,TW18 4DY,example.contact@example.com,MyRef914,,,,,,,200,Mobile Assets,TPSN,1.2,NDX,1
Example Contact,My Company Name,Address 2,Staines,62 High St,Address 3,GB,1935654865,TW18 4DY,example.contact@example.com,MyRef915,,,,,,,200,Mobile Assets,TPSN,1.2,NDX,1
Example Contact,My Company Name,Address 2,Staines,62 High St,Address 3,GB,1935654865,TW18 4DY,example.contact@example.com,MyRef916,,,,,,,200,Mobile Assets,TPSN,1.2,NDX,1
Example Contact,My Company Name,Address 2,Staines,62 High St,Address 3,GB,1935654865,TW18 4DY,example.contact@example.com,MyRef917,,,,,,,200,Mobile Assets,TPSN,1.2,NDX,1
Example Contact,My Company Name,Address 2,Staines,62 High St,Address 3,GB,1935654865,TW18 4DY,example.contact@example.com,MyRef918,,,,,,,200,Mobile Assets,TPSN,1.2,NDX,1
Example Contact,My Company Name,Address 2,Staines,62 High St,Address 3,GB,1935654865,TW18 4DY,example.contact@example.com,MyRef919,,,,,,,200,Mobile Assets,TPSN,1.2,NDX,1
Example Contact,My Company Name,Address 2,Staines,62 High St,Address 3,GB,1935654865,TW18 4DY,example.contact@example.com,MyRef920,,,,,,,200,Mobile Assets,TPSN,1.2,NDX,1
Example Contact,My Company Name,Address 2,Staines,62 High St,Address 3,GB,1935654865,TW18 4DY,example.contact@example.com,MyRef921,,,,,,,200,Mobile Assets,TPSN,1.2,NDX,1
Example Contact,My Company Name,Address 2,Staines,62 High St,Address 3,GB,1935654865,TW18 4DY,example.contact@example.com,MyRef922,,,,,,,200,Mobile Assets,TPSN,1.2,NDX,1
Example Contact,My Company Name,Address 2,Staines,62 High St,Address 3,GB,1935654865,TW18 4DY,example.contact@example.com,MyRef923,,,,,,,200,Mobile Assets,TPSN,1.2,NDX,1
Example Contact,My Company Name,Address 2,Staines,62 High St,Address 3,GB,1935654865,TW18 4DY,example.contact@example.com,MyRef924,,,,,,,200,Mobile Assets,TPSN,1.2,NDX,1
Example Contact,My Company Name,Address 2,Staines,62 High St,Address 3,GB,1935654865,TW18 4DY,example.contact@example.com,MyRef925,,,,,,,200,Mobile Assets,TPSN,1.2,NDX,1
Example Contact,My Company Name,Address 2,Staines,62 High St,Address 3,GB,1935654865,TW18 4DY,example.contact@example.com,MyRef926,,,,,,,200,Mobile Assets,TPSN,1.2,NDX,1
Example Contact,My Company Name,Address 2,Staines,62 High St,Address 3,GB,1935654865,TW18 4DY,example.contact@example.com,MyRef927,,,,,,,200,Mobile Assets,TPSN,1.2,NDX,1
Example Contact,My Company Name,Address 2,Staines,62 High St,Address 3,GB,1935654865,TW18 4DY,example.contact@example.com,MyRef928,,,,,,,200,Mobile Assets,TPSN,1.2,NDX,1
Example Contact,My Company Name,Address 2,Staines,62 High St,Address 3,GB,1935654865,TW18 4DY,example.contact@example.com,MyRef929,,,,,,,200,Mobile Assets,TPSN,1.2,NDX,1
Example Contact,My Company Name,Address 2,Staines,62 High St,Address 3,GB,1935654865,TW18 4DY,example.contact@example.com,MyRef930,,,,,,,200,Mobile Assets,TPSN,1.2,NDX,1
Example Contact,My Company Name,Address 2,Staines,62 High St,Address 3,GB,1935654865,TW18 4DY,example.contact@example.com,MyRef931,,,,,,,200,Mobile Assets,TPSN,1.2,NDX,1
Example Contact,My Company Name,Address 2,Staines,62 High St,Address 3,GB,1935654865,TW18 4DY,example.contact@example.com,MyRef932,,,,,,,200,Mobile Assets,TPSN,1.2,NDX,1
Example Contact,My Company Name,Address 2,Staines,62 High St,Address 3,GB,1935654865,TW18 4DY,example.contact@example.com,MyRef933,,,,,,,200,Mobile Assets,TPSN,1.2,NDX,1
Example Contact,My Company Name,Address 2,Staines,62 High St,Address 3,GB,1935654865,TW18 4DY,example.contact@example.com,MyRef934,,,,,,,200,Mobile Assets,TPSN,1.2,NDX,1
Example Contact,My Company Name,Address 2,Staines,62 High St,Address 3,GB,1935654865,TW18 4DY,example.contact@example.com,MyRef935,,,,,,,200,Mobile Assets,TPSN,1.2,NDX,1
Example Contact,My Company Name,Address 2,Staines,62 High St,Address 3,GB,1935654865,TW18 4DY,example.contact@example.com,MyRef936,,,,,,,200,Mobile Assets,TPSN,1.2,NDX,1
Example Contact,My Company Name,Address 2,Staines,62 High St,Address 3,GB,1935654865,TW18 4DY,example.contact@example.com,MyRef937,,,,,,,200,Mobile Assets,TPSN,1.2,NDX,1
Example Contact,My Company Name,Address 2,Staines,62 High St,Address 3,GB,1935654865,TW18 4DY,example.contact@example.com,MyRef938,,,,,,,200,Mobile Assets,TPSN,1.2,NDX,1
Example Contact,My Company Name,Address 2,Staines,62 High St,Address 3,GB,1935654865,TW18 4DY,example.contact@example.com,MyRef939,,,,,,,200,Mobile Assets,TPSN,1.2,NDX,1
Example Contact,My Company Name,Address 2,Staines,62 High St,Address 3,GB,1935654865,TW18 4DY,example.contact@example.com,MyRef940,,,,,,,200,Mobile Assets,TPSN,1.2,NDX,1
Example Contact,My Company Name,Address 2,Staines,62 High St,Address 3,GB,1935654865,TW18 4DY,example.contact@example.com,MyRef941,,,,,,,200,Mobile Assets,TPSN,1.2,NDX,1
Example Contact,My Company Name,Address 2,Staines,62 High St,Address 3,GB,1935654865,TW18 4DY,example.contact@example.com,MyRef942,,,,,,,200,Mobile Assets,TPSN,1.2,NDX,1
Example Contact,My Company Name,Address 2,Staines,62 High St,Address 3,GB,1935654865,TW18 4DY,example.contact@example.com,MyRef943,,,,,,,200,Mobile Assets,TPSN,1.2,NDX,1
Example Contact,My Company Name,Address 2,Staines,62 High St,Address 3,GB,1935654865,TW18 4DY,example.contact@example.com,MyRef944,,,,,,,200,Mobile Assets,TPSN,1.2,NDX,1
Example Contact,My Company Name,Address 2,Staines,62 High St,Address 3,GB,1935654865,TW18 4DY,example.contact@example.com,MyRef945,,,,,,,200,Mobile Assets,TPSN,1.2,NDX,1
Example Contact,My Company Name,Address 2,Staines,62 High St,Address 3,GB,1935654865,TW18 4DY,example.contact@example.com,MyRef946,,,,,,,200,Mobile Assets,TPSN,1.2,NDX,1
Example Contact,My Company Name,Address 2,Staines,62 High St,Address 3,GB,1935654865,TW18 4DY,example.contact@example.com,MyRef947,,,,,,,200,Mobile Assets,TPSN,1.2,NDX,1
Example Contact,My Company Name,Address 2,Staines,62 High St,Address 3,GB,1935654865,TW18 4DY,example.contact@example.com,MyRef948,,,,,,,200,Mobile Assets,TPSN,1.2,NDX,1
Example Contact,My Company Name,Address 2,Staines,62 High St,Address 3,GB,1935654865,TW18 4DY,example.contact@example.com,MyRef949,,,,,,,200,Mobile Assets,TPSN,1.2,NDX,1
Example Contact,My Company Name,Address 2,Staines,62 High St,Address 3,GB,1935654865,TW18 4DY,example.contact@example.com,MyRef950,,,,,,,200,Mobile Assets,TPSN,1.2,NDX,1
Example Contact,My Company Name,Address 2,Staines,62 High St,Address 3,GB,1935654865,TW18 4DY,example.contact@example.com,MyRef951,,,,,,,200,Mobile Assets,TPSN,1.2,NDX,1
Example Contact,My Company Name,Address 2,Staines,62 High St,Address 3,GB,1935654865,TW18 4DY,example.contact@example.com,MyRef952,,,,,,,200,Mobile Assets,TPSN,1.2,NDX,1
Example Contact,My Company Name,Address 2,Staines,62 High St,Address 3,GB,1935654865,TW18 4DY,example.contact@example.com,MyRef953,,,,,,,200,Mobile Assets,TPSN,1.2,NDX,1
Example Contact,My Company Name,Address 2,Staines,62 High St,Address 3,GB,1935654865,TW18 4DY,example.contact@example.com,MyRef954,,,,,,,200,Mobile Assets,TPSN,1.2,NDX,1
Example Contact,My Company Name,Address 2,Staines,62 High St,Address 3,GB,1935654865,TW18 4DY,example.contact@example.com,MyRef955,,,,,,,200,Mobile Assets,TPSN,1.2,NDX,1
Example Contact,My Company Name,Address 2,Staines,62 High St,Address 3,GB,1935654865,TW18 4DY,example.contact@example.com,MyRef956,,,,,,,200,Mobile Assets,TPSN,1.2,NDX,1
Example Contact,My Company Name,Address 2,Staines,62 High St,Address 3,GB,1935654865,TW18 4DY,example.contact@example.com,MyRef957,,,,,,,200,Mobile Assets,TPSN,1.2,NDX,1
Example Contact,My Company Name,Address 2,Staines,62 High St,Address 3,GB,1935654865,TW18 4DY,example.contact@example.com,MyRef958,,,,,,,200,Mobile Assets,TPSN,1.2,NDX,1
Example Contact,My Company Name,Address 2,Staines,62 High St,Address 3,GB,1935654865,TW18 4DY,example.contact@example.com,MyRef959,,,,,,,200,Mobile Assets,TPSN,1.2,NDX,1
Example Contact,My Company Name,Address 2,Staines,62 High St,Address 3,GB,1935654865,TW18 4DY,example.contact@example.com,MyRef960,,,,,,,200,Mobile Assets,TPSN,1.2,NDX,1
Example Contact,My Company Name,Address 2,Staines,62 High St,Address 3,GB,1935654865,TW18 4DY,example.contact@example.com,MyRef961,,,,,,,200,Mobile Assets,TPSN,1.2,NDX,1
Example Contact,My Company Name,Address 2,Staines,62 High St,Address 3,GB,1935654865,TW18 4DY,example.contact@example.com,MyRef962,,,,,,,200,Mobile Assets,TPSN,1.2,NDX,1
Example Contact,My Company Name,Address 2,Staines,62 High St,Address 3,GB,1935654865,TW18 4DY,example.contact@example.com,MyRef963,,,,,,,200,Mobile Assets,TPSN,1.2,NDX,1
Example Contact,My Company Name,Address 2,Staines,62 High St,Address 3,GB,1935654865,TW18 4DY,example.contact@example.com,MyRef964,,,,,,,200,Mobile Assets,TPSN,1.2,NDX,1
Example Contact,My Company Name,Address 2,Staines,62 High St,Address 3,GB,1935654865,TW18 4DY,example.contact@example.com,MyRef965,,,,,,,200,Mobile Assets,TPSN,1.2,NDX,1
Example Contact,My Company Name,Address 2,Staines,62 High St,Address 3,GB,1935654865,TW18 4DY,example.contact@example.com,MyRef966,,,,,,,200,Mobile Assets,TPSN,1.2,NDX,1
Example Contact,My Company Name,Address 2,Staines,62 High St,Address 3,GB,1935654865,TW18 4DY,example.contact@example.com,MyRef967,,,,,,,200,Mobile Assets,TPSN,1.2,NDX,1
Example Contact,My Company Name,Address 2,Staines,62 High St,Address 3,GB,1935654865,TW18 4DY,example.contact@example.com,MyRef968,,,,,,,200,Mobile Assets,TPSN,1.2,NDX,1
Example Contact,My Company Name,Address 2,Staines,62 High St,Address 3,GB,1935654865,TW18 4DY,example.contact@example.com,MyRef969,,,,,,,200,Mobile Assets,TPSN,1.2,NDX,1
Example Contact,My Company Name,Address 2,Staines,62 High St,Address 3,GB,1935654865,TW18 4DY,example.contact@example.com,MyRef970,,,,,,,200,Mobile Assets,TPSN,1.2,NDX,1
Example Contact,My Company Name,Address 2,Staines,62 High St,Address 3,GB,1935654865,TW18 4DY,example.contact@example.com,MyRef971,,,,,,,200,Mobile Assets,TPSN,1.2,NDX,1
Example Contact,My Company Name,Address 2,Staines,62 High St,Address 3,GB,1935654865,TW18 4DY,example.contact@example.com,MyRef972,,,,,,,200,Mobile Assets,TPSN,1.2,NDX,1
Example Contact,My Company Name,Address 2,Staines,62 High St,Address 3,GB,1935654865,TW18 4DY,example.contact@example.com,MyRef973,,,,,,,200,Mobile Assets,TPSN,1.2,NDX,1
Example Contact,My Company Name,Address 2,Staines,62 High St,Address 3,GB,1935654865,TW18 4DY,example.contact@example.com,MyRef974,,,,,,,200,Mobile Assets,TPSN,1.2,NDX,1
Example Contact,My Company Name,Address 2,Staines,62 High St,Address 3,GB,1935654865,TW18 4DY,example.contact@example.com,MyRef975,,,,,,,200,Mobile Assets,TPSN,1.2,NDX,1
Example Contact,My Company Name,Address 2,Staines,62 High St,Address 3,GB,1935654865,TW18 4DY,example.contact@example.com,MyRef976,,,,,,,200,Mobile Assets,TPSN,1.2,NDX,1
Example Contact,My Company Name,Address 2,Staines,62 High St,Address 3,GB,1935654865,TW18 4DY,example.contact@example.com,MyRef977,,,,,,,200,Mobile Assets,TPSN,1.2,NDX,1
Example Contact,My Company Name,Address 2,Staines,62 High St,Address 3,GB,1935654865,TW18 4DY,example.contact@example.com,MyRef978,,,,,,,200,Mobile Assets,TPSN,1.2,NDX,1
Example Contact,My Company Name,Address 2,Staines,62 High St,Address 3,GB,1935654865,TW18 4DY,example.contact@example.com,MyRef979,,,,,,,200,Mobile Assets,TPSN,1.2,NDX,1
Example Contact,My Company Name,Address 2,Staines,62 High St,Address 3,GB,1935654865,TW18 4DY,example.contact@example.com,MyRef980,,,,,,,200,Mobile Assets,TPSN,1.2,NDX,1
Example Contact,My Company Name,Address 2,Staines,62 High St,Address 3,GB,1935654865,TW18 4DY,example.contact@example.com,MyRef981,,,,,,,200,Mobile Assets,TPSN,1.2,NDX,1
Example Contact,My Company Name,Address 2,Staines,62 High St,Address 3,GB,1935654865,TW18 4DY,example.contact@example.com,MyRef982,,,,,,,200,Mobile Assets,TPSN,1.2,NDX,1
Example Contact,My Company Name,Address 2,Staines,62 High St,Address 3,GB,1935654865,TW18 4DY,example.contact@example.com,MyRef983,,,,,,,200,Mobile Assets,TPSN,1.2,NDX,1
Example Contact,My Company Name,Address 2,Staines,62 High St,Address 3,GB,1935654865,TW18 4DY,example.contact@example.com,MyRef984,,,,,,,200,Mobile Assets,TPSN,1.2,NDX,1
Example Contact,My Company Name,Address 2,Staines,62 High St,Address 3,GB,1935654865,TW18 4DY,example.contact@example.com,MyRef985,,,,,,,200,Mobile Assets,TPSN,1.2,NDX,1
Example Contact,My Company Name,Address 2,Staines,62 High St,Address 3,GB,1935654865,TW18 4DY,example.contact@example.com,MyRef986,,,,,,,200,Mobile Assets,TPSN,1.2,NDX,1
Example Contact,My Company Name,Address 2,Staines,62 High St,Address 3,GB,1935654865,TW18 4DY,example.contact@example.com,MyRef987,,,,,,,200,Mobile Assets,TPSN,1.2,NDX,1
Example Contact,My Company Name,Address 2,Staines,62 High St,Address 3,GB,1935654865,TW18 4DY,example.contact@example.com,MyRef988,,,,,,,200,Mobile Assets,TPSN,1.2,NDX,1
Example Contact,My Company Name,Address 2,Staines,62 High St,Address 3,GB,1935654865,TW18 4DY,example.contact@example.com,MyRef989,,,,,,,200,Mobile Assets,TPSN,1.2,NDX,1
Example Contact,My Company Name,Address 2,Staines,62 High St,Address 3,GB,1935654865,TW18 4DY,example.contact@example.com,MyRef990,,,,,,,200,Mobile Assets,TPSN,1.2,NDX,1
Example Contact,My Company Name,Address 2,Staines,62 High St,Address 3,GB,1935654865,TW18 4DY,example.contact@example.com,MyRef991,,,,,,,200,Mobile Assets,TPSN,1.2,NDX,1
Example Contact,My Company Name,Address 2,Staines,62 High St,Address 3,GB,1935654865,TW18 4DY,example.contact@example.com,MyRef992,,,,,,,200,Mobile Assets,TPSN,1.2,NDX,1
Example Contact,My Company Name,Address 2,Staines,62 High St,Address 3,GB,1935654865,TW18 4DY,example.contact@example.com,MyRef993,,,,,,,200,Mobile Assets,TPSN,1.2,NDX,1
Example Contact,My Company Name,Address 2,Staines,62 High St,Address 3,GB,1935654865,TW18 4DY,example.contact@example.com,MyRef994,,,,,,,200,Mobile Assets,TPSN,1.2,NDX,1
Example Contact,My Company Name,Address 2,Staines,62 High St,Address 3,GB,1935654865,TW18 4DY,example.contact@example.com,MyRef995,,,,,,,200,Mobile Assets,TPSN,1.2,NDX,1
Example Contact,My Company Name,Address 2,Staines,62 High St,Address 3,GB,1935654865,TW18 4DY,example.contact@example.com,MyRef996,,,,,,,200,Mobile Assets,TPSN,1.2,NDX,1
Example Contact,My Company Name,Address 2,Staines,62 High St,Address 3,GB,1935654865,TW18 4DY,example.contact@example.com,MyRef997,,,,,,,200,Mobile Assets,TPSN,1.2,NDX,1
Example Contact,My Company Name,Address 2,Staines,62 High St,Address 3,GB,1935654865,TW18 4DY,example.contact@example.com,MyRef998,,,,,,,200,Mobile Assets,TPSN,1.2,NDX,1
